keywords,topic
narcotráfico,narcotráfico
drogas,narcotráfico
cocaína,narcotráfico
marihuana,narcotráfico
heroína,narcotráfico
anfetaminas,narcotráfico
metanfetaminas,narcotráfico
éxtasis,narcotráfico
crimen organizado,narcotráfico
traficante,narcotráfico
cartel,narcotráfico
narcos,narcotráfico
narco,narcotráfico
estupefacientes,narcotráfico
psicotrópicos,narcotráfico
incautación,narcotráfico
tráfico de drogas,narcotráfico
dealer,narcotráfico
mafia,narcotráfico
pasta base,narcotráfico
crack,narcotráfico
opiáceos,narcotráfico
fentanilo,narcotráfico
alcaloide,narcotráfico
laboratorio clandestino,narcotráfico
lavado de dinero,narcotráfico
blanqueo de capitales,narcotráfico
narcopiso,narcotráfico
mula,narcotráfico
cártel,narcotráfico
narcolaboratorio,narcotráfico
clandestino,narcotráfico
narcobloqueo,narcotráfico
narcoavioneta,narcotráfico
narcosubmarino,narcotráfico
microtráfico,narcotráfico
narcomenudeo,narcotráfico
narcocorrido,narcotráfico
decapitación,narcotráfico
narcocultura,narcotráfico
narcopolítica,narcotráfico
soborno,narcotráfico
narcoguerra,narcotráfico
narcoestado,narcotráfico
narcotienditas,narcotráfico
narcotúnel,narcotráfico
narcobodega,narcotráfico
narcocampamento,narcotráfico
narcobanda,narcotráfico
narcobalacera,narcotráfico
secuestro,narcotráfico
narcosecuestro,narcotráfico
homicidio,narcotráfico
masacre,narcotráfico

